sku,current_stock,reorder_point,safety_stock,forecast_30d,recommended_order_qty
SKU001,11.428571428571429,86.54249360400141,6.7424936040014165,342.8571428571429,331
SKU002,5.571428571428571,43.48963518262334,4.289635182623343,167.14285714285714,161
